username,email,department,body
james.hunt,james.hunt@company.com,Sales,"Hi team, we need to finalize the Q4 projections by Friday. Please ensure your pipeline data is up to date in the CRM. Let's schedule a sync tomorrow morning."
sarah.connor,sarah.connor@company.com,Engineering,"We experienced a downtime incident last night at 2 AM. The ops team has patched the vulnerability. I will be sending a full post-mortem report by end of day."
michael.scott,michael.scott@company.com,Human Resources,"Attention everyone! It's that time of year again. We are looking for volunteers to help organize the annual holiday party. Please reply if you are interested."
pam.beesly,pam.beesly@company.com,Sales,"Thank you for the opportunity to present yesterday. As discussed, I have attached the revised pricing structure. Please let me know if you have any questions."
dwight.schrute,dwight.schrute@company.com,Sales,"I have uploaded the new leads from the trade show to the shared drive. They are currently unassigned. First come, first served. Do not slack off."
stanley.hudson,stanley.hudson@company.com,Finance,"Your expense report for September has been rejected because the receipts were not attached. Please resubmit with clear images of the receipts. Policy is policy."
kevin.malone,kevin.malone@company.com,Accounting,"Just a heads up that payroll will be processed a day early this month due to the bank holiday. Expect your direct deposit on the 28th."
angela.martin,angela.martin@company.com,Human Resources,"Please review the updated employee handbook regarding remote work. All employees must now log their hours in the new portal starting Monday."
oscar.martinez,oscar.martinez@company.com,Finance,"The budget for the new marketing campaign has been tentatively approved, but we need more detailed ROI estimates before releasing the full funds."
phyllis.lapin,phyllis.lapin@company.com,Sales,"We regret to inform you that the shipment of paper products has been delayed due to supply chain issues. Expected delivery is now next Thursday."
jim.halpert,jim.halpert@company.com,Sales,"Here is the draft for the October newsletter. I included the section on customer success stories as requested. Let me know your edits."
ryan.howard,ryan.howard@company.com,Marketing,"I have outlined a new social media strategy focusing on LinkedIn and Twitter. The goal is to increase engagement by 20% over the next quarter."
kelly.kapoor,kelly.kapoor@company.com,Human Resources,"The 'Conflict Resolution in the Workplace' training session is now open for signup. Spots are limited, so please register via the HR portal."
toby.flenderson,toby.flenderson@company.com,Human Resources,"Mandatory compliance training must be completed by all staff by the end of the month. Failure to do so will result in a hold on your account."
creed.bratton,creed.bratton@company.com,Quality Assurance,"The latest QC report is ready. We found some irregularities in the batch from Wednesday. I am investigating the source."
meredith.palmer,meredith.palmer@company.com,Supplier Relations,"The contract with our main paper supplier is up for renewal. We should negotiate a lower rate given our volume of orders this year."
darryl.philbin,darryl.philbin@company.com,Warehouse,"We are doing a full inventory check this Saturday. Warehouse staff, please report for duty at 8 AM. Breakfast will be provided."
andy.bernard,andy.bernard@company.com,Sales,"We received a formal complaint from a client in Albany regarding the tone of our email correspondence. Please review the chain and ensure we apologize professionally."
erin.hannon,erin.hannon@company.com,Reception,"Please remember to sign in all visitors at the front desk. We have had some issues with unauthorized access in the lobby recently."
gabe.lewis,gabe.lewis@company.com,Human Resources,"The summer intern program evaluations are due. Please fill out the forms for your respective interns and submit them to HR by Friday."
holly.flax,holly.flax@company.com,Human Resources,"Please welcome our new Account Manager starting on Monday. Ensure their workspace is clean and their laptop is ready for setup."
robert.california,robert.california@company.com,Management,"I want to share the company's strategic vision for the next 5 years. We are pivoting towards AI integration. More details to come in the all-hands meeting."
jo.bennett,jo.bennett@company.com,Management,"I will be visiting the branch next week. Please have your P&L statements ready for review. I want to see growth in the manufacturing division."
jan.levinson,jan.levinson@company.com,Sales,"Corporate has issued a new directive regarding dress code. Please ensure you are adhering to the business casual policy at all times while in the office."
david.wallace,david.wallace@company.com,Finance,"The quarterly earnings call is scheduled for next Wednesday. Please prepare your slides and submit them to the finance team by Monday for consolidation."
bob.vance,bob.vance@company.com,IT,"Please perform the mandatory system update on your laptops tonight. The IT department will be pushing patches between 10 PM and 2 AM."
hank.roy,hank.roy@company.com,Security,"We noticed suspicious activity at the rear entrance last night. Please keep your badges visible and report any strangers to security immediately."
jessica,jessica@company.com,Marketing,"The new print ad campaign launches tomorrow. Please check the final proofs in your email and confirm if you approve the color scheme."
billy,billy@company.com,Support,"Ticket #4521 regarding the printer connectivity issue has been resolved. If the user is still experiencing problems, please escalate it to tier 2 support."
cathy,cathy@company.com,Marketing,"Please RSVP for the client mixer next month. We need a headcount for catering purposes by the end of the week."
dan,dan@company.com,Legal,"I have finished reviewing the contract with the new vendor. There are a few clauses regarding liability that need to be amended before we can sign."
elias,elias@company.com,Warehouse,"I need to swap my shift on Saturday with Mike. Let me know if this is approved so I can plan my weekend."
fiona,fiona@company.com,Sales,"The promo code 'SAVINGS20' is not working for some customers on the website. Please alert the dev team to fix this ASAP."
george,george@company.com,Accounting,"Due to unforeseen circumstances, the travel budget for Q4 has been cut by 15%. Please adjust your travel plans accordingly."
hank,hank@company.com,Engineering,"We are entering a code freeze starting next week in preparation for the major release next month. No new features should be committed."
irene,irene@company.com,Human Resources,"Open enrollment for health benefits is now open. You have 30 days to make changes to your plan. Check the intranet for details."
jason,jason@company.com,Marketing,"Please refer to the updated brand guidelines when creating any external collateral. The old logos are deprecated and should not be used."
karen,karen@company.com,Sales,"I've compiled an analysis of our competitor's new pricing model. We are undercutting them on premium products but losing on the basic tier."
laura,laura@company.com,Legal,"The paperwork for the new patent filing has been submitted. We expect to hear back from the patent office in about 6 months."
mike,mike@company.com,Engineering,"The database migration to the cloud is scheduled for this weekend. Expect intermittent outages on Sunday morning."
nancy,nancy@company.com,Support,"I have updated the knowledge base with solutions for the top 5 most common issues reported last week. Please review them."
oliver,oliver@company.com,Sales,"Customer is requesting a refund for a damaged shipment. Since the damage occurred in transit, we should approve it immediately."
peter,peter@company.com,Finance,"Please ensure all deductible expenses are logged correctly in the system. Tax season is approaching and we need clean books."
quinn,quinn@company.com,Marketing,"We have started outreach to influencers in the tech space for the new product launch. I will keep you updated on the response rates."
rachel,rachel@company.com,Human Resources,"Congratulations to Jim Halpert for being selected as Employee of the Month! His dedication to sales has been outstanding."
sam,sam@company.com,Engineering,"A critical bug was found in the checkout process where tax is not calculated for certain states. This is a high priority fix."
tina,tina@company.com,Executive,"The board meeting has been rescheduled to next Thursday. Please ensure the financial reports are printed and ready by Tuesday."
uma,uma@company.com,Quality Assurance,"We are issuing a voluntary recall for lot #405. Please notify all customers who received these units immediately."
victor,victor@company.com,Logistics,"Our shipping partners have increased their rates by 5%. We need to update our shipping calculator on the website to reflect this."
wendy,wendy@company.com,Sales,"I am hosting a dinner for our key clients from New York on Friday. Please confirm who from the sales team will be attending."
xavier,xavier@company.com,IT,"Please update your passwords. Our security audit showed that many passwords are too weak. Use a combination of letters, numbers, and symbols."
yvonne,yvonne@company.com,Marketing,"The open rate for the last newsletter was 25%, which is a record high. We should double down on the content strategy used for that issue."
zack,zack@company.com,Sales,"Here is the new script for cold calling. Please practice it before making calls. Focus on the pain points identified in the survey."
alice,alice@company.com,Support,"If a customer threatens to cancel, please escalate the call to a manager immediately. Do not try to handle it alone."
bob,bob@company.com,Engineering,"The old API version will be deprecated in two weeks. Please ensure all applications are migrated to API v3."
charlie,charlie@company.com,Sales,"We lost the deal with Acme Corp. The primary reason was pricing. We need to discuss how we can offer more flexible payment terms."
diane,diane@company.com,Finance,"The external auditors will be here next month. Please ensure all your documentation is organized and accessible."
eric,eric@company.com,Marketing,"The website redesign mockups are ready for review. We have focused on a more mobile-friendly user interface."
frank,frank@company.com,Warehouse,"We are running low on packaging materials. I have placed a bulk order which should arrive by truck on Wednesday."
gina,gina@company.com,Human Resources,"Please fill out the anonymous survey regarding remote work preferences. Your feedback will help us shape future policies."
henry,henry@company.com,Legal,"Before we share the proprietary data with the new partner, they must sign a Non-Disclosure Agreement. Legal will draft this today."
isabel,isabel@company.com,Sales,"I sent the quotation last week but haven't heard back. I will give them a call this afternoon to gauge their interest."
jake,jake@company.com,Support,"We are currently experiencing an outage with the email server. Users may not be able to send or receive emails for the next hour."
kylie,kylie@company.com,Marketing,"It is time to finalize the holiday promotion schedule. We need to ensure the discounts are competitive with Black Friday offers."
liam,liam@company.com,Engineering,"The application load times have increased. I will be spending the day optimizing the database queries to speed things up."
mia,mia@company.com,Finance,"Vendor X is disputing the invoice #9902. They claim we were overcharged for shipping. I am looking into the contract terms."
noah,noah@company.com,Sales,"I have drafted a partnership proposal for a local software firm. This could open up a new market segment for us."
olivia,olivia@company.com,Executive,"The Annual General Meeting will be held in the main conference room. Attendance is mandatory for all department heads."
paul,paul@company.com,IT,"A critical security patch for the operating system has been released. Please install it as soon as possible to protect your data."
quincy,quincy@company.com,Warehouse,"The delivery truck has arrived. Please ensure the loading dock is clear so we can unload efficiently."
rachel,rachel@company.com,Human Resources,"Please provide feedback on the leadership training session from last week. Your input helps us improve the curriculum."
steven,steven@company.com,Marketing,"We need to finalize the design for the trade show booth. The vendor needs the artwork by the end of the week."
tara,tara@company.com,Sales,"The contract with Global Tech is up for renewal. They are happy with our service and are likely to sign for another two years."
ursula,ursula@company.com,Legal,"There has been a change in data protection regulations. We need to update our privacy policy on the website to remain compliant."
victor,victor@company.com,Support,"A customer has requested a bulk export feature. I have added it to the feature request log for the dev team to review."
wanda,wanda@company.com,Finance,"Your travel expenses for the Chicago trip have been approved. The reimbursement will appear in your next paycheck."
xander,xander@company.com,Engineering,"Please review my pull request for the new dashboard feature. I want to make sure the code meets our standards before merging."
yara,yara@company.com,Sales,"I have generated a new list of prospects in the healthcare sector. These are warm leads who attended our webinar."
zach,zach@company.com,Marketing,"We are starting production on the promotional video next week. Please ensure all scripts are finalized."